Fase,Atividade,Descri√ß√£o,Dura√ß√£o,Respons√°vel,Data In√≠cio,Data Fim,Status,Progresso %,Observa√ß√µes,Coment√°rios
FASE 1 - LEVANTAMENTO DE REQUISITOS,,,,,,,,,,
Fase 1,Reuni√£o 1: An√°lise de formul√°rios e regulamentos,An√°lise de formul√°rios de inscri√ß√£o e regulamentos internos - Participantes: Secretariado Avaliadores Conselho,4h,Equipe + Secretariado,Dia 1,Dia 1,‚úÖ Conclu√≠do,100%,Ata assinada,
Fase 1,Reuni√£o 2: An√°lise de taxas e processos,An√°lise de taxas e processos administrativos - Participantes: Tesouraria Financeiro Administra√ß√£o,3h,Equipe + Tesouraria,Dia 2,Dia 2,‚è≥ Pendente,0%,Pendente,
Fase 1,Reuni√£o 3: An√°lise de dados e integra√ß√µes,An√°lise de dados hist√≥ricos e integra√ß√µes - Participantes: TI Opera√ß√µes Parceiros Externos,3h,Equipe + TI,Dia 3,Dia 3,‚è≥ Pendente,0%,Pendente,
Fase 1,Elabora√ß√£o do DRS,Documento de Requisitos Espec√≠ficos (DRS) - M√≠nimo 20 p√°ginas com anexos,2 dias,Arquiteto + Analista,Dia 3,Dia 4,‚úÖ Conclu√≠do,100%,20+ p√°ginas,
Fase 1,Valida√ß√£o pelo auditor externo,Valida√ß√£o e aprova√ß√£o do DRS pelo auditor externo,1 dia,Auditor,Dia 5,Dia 5,‚úÖ Conclu√≠do,100%,Aprovado,
FASE 2 - AJUSTES DO PROT√ìTIPO,,,,,,,,,,
Fase 2,An√°lise e planejamento dos ajustes,Revis√£o do prot√≥tipo atual vs requisitos do DRS - Identifica√ß√£o de gaps,1 dia,Arquiteto,Dia 6,Dia 6,‚úÖ Conclu√≠do,100%,Conclu√≠do,
Fase 2,Implementa√ß√£o dos ajustes UI,Ajustes na interface de usu√°rio (Bootstrap 5),2 dias,Desenvolvedores,Dia 7,Dia 8,‚úÖ Conclu√≠do,100%,Conclu√≠do,
Fase 2,Personaliza√ß√£o de formul√°rios,Personaliza√ß√£o de formul√°rios por tipo de inscri√ß√£o,1 dia,Desenvolvedores,Dia 9,Dia 9,‚úÖ Conclu√≠do,100%,Conclu√≠do,
Fase 2,Valida√ß√£o e testes,Testes de funcionalidade com stakeholders - Valida√ß√£o de usabilidade,1 dia,Equipe + Stakeholders,Dia 10,Dia 10,‚è≥ Pendente,0%,Pendente - Submiss√£o em andamento,
FASE 3 - DESENVOLVIMENTO E INTEGRA√á√ÉO,,,,,,,,,,
Semana 3 - M√≥dulos Core,,,,,,,,,,
Fase 3,M√≥dulo ADM (Administra√ß√£o),M√≥dulo Administrativo - Upload de documentos com valida√ß√£o - Checklist documental - Sistema de pareceres,2 dias,Desenvolvedores,Dia 11,Dia 12,‚úÖ Conclu√≠do,100%,Conclu√≠do,
Fase 3,M√≥dulo INS (Inscri√ß√µes),M√≥dulo de Gest√£o de Inscri√ß√£o - Formul√°rios eletr√¥nicos - Workflow de aprova√ß√£o - Gera√ß√£o de n√∫mero de processo √∫nico,2 dias,Desenvolvedores,Dia 13,Dia 14,‚úÖ Conclu√≠do,100%,Conclu√≠do,
Fase 3,Testes unit√°rios - Semana 3,Testes unit√°rios para m√≥dulos ADM e INS,1 dia,Analista QA,Dia 15,Dia 15,‚è≥ Pendente,0%,Pendente,
Semana 4 - M√≥dulos de Gest√£o,,,,,,,,,,
Fase 3,M√≥dulo DOC (Documentos),M√≥dulo de Submiss√£o e Valida√ß√£o de Documentos - Upload de documentos - Valida√ß√£o autom√°tica - Checklist documental por tipo,2 dias,Desenvolvedores,Dia 16,Dia 17,‚úÖ Conclu√≠do,100%,Conclu√≠do,
Fase 3,M√≥dulo MEM (Membros),M√≥dulo de Gest√£o de Membros - Registro completo de membros - Estados e filtros avan√ßados - Gera√ß√£o de cart√£o digital,2 dias,Desenvolvedores,Dia 18,Dia 19,‚úÖ Conclu√≠do,100%,Conclu√≠do,
Fase 3,Testes unit√°rios - Semana 4,Testes unit√°rios para m√≥dulos DOC e MEM,1 dia,Analista QA,Dia 20,Dia 20,‚è≥ Pendente,0%,Pendente,
Semana 5 - M√≥dulos de Suporte,,,,,,,,,,
Fase 3,M√≥dulo EXA (Exames),M√≥dulo de Exames e Avalia√ß√µes - Candidaturas e agendamento - Registro de resultados - Listas de admitidos/exclu√≠dos,2 dias,Desenvolvedores,Dia 21,Dia 22,‚è≥ Pendente,0%,Pendente,
Fase 3,M√≥dulo RES (Resid√™ncia),M√≥dulo de Resid√™ncia M√©dica - Candidaturas e coloca√ß√£o - Planos de rota√ß√£o - Avalia√ß√µes peri√≥dicas,2 dias,Desenvolvedores,Dia 23,Dia 24,‚è≥ Pendente,0%,Pendente,
Fase 3,Testes unit√°rios - Semana 5,Testes unit√°rios para m√≥dulos EXA e RES,1 dia,Analista QA,Dia 25,Dia 25,‚è≥ Pendente,0%,Pendente,
Semana 6 - M√≥dulos Finais,,,,,,,,,,
Fase 3,M√≥dulo PAY (Pagamentos),M√≥dulo de Pagamentos - Configura√ß√£o de taxas - Gera√ß√£o de comprovativos - Integra√ß√£o com carteiras m√≥veis,2 dias,Desenvolvedores,Dia 26,Dia 27,‚è≥ Pendente,0%,Pendente,
Fase 3,M√≥dulo CAR (Cart√µes),M√≥dulo de Cart√µes e Crach√°s - Emiss√£o digital e f√≠sica - Personaliza√ß√£o por categoria - Hist√≥rico de reemiss√µes,1 dia,Desenvolvedores,Dia 28,Dia 28,‚è≥ Pendente,0%,Pendente,
Fase 3,M√≥dulo NTF (Notifica√ß√µes),M√≥dulo de Notifica√ß√µes - Envio autom√°tico por email/SMS - Templates edit√°veis - Hist√≥rico de comunica√ß√µes,1 dia,Desenvolvedores,Dia 29,Dia 29,‚è≥ Pendente,0%,Pendente,
Fase 3,M√≥dulo ARC (Arquivamento),M√≥dulo de Arquivamento e Cancelamento - Arquivamento autom√°tico - Cancelamento por irregularidades - Hist√≥rico e rastreabilidade,1 dia,Desenvolvedores,Dia 30,Dia 30,‚è≥ Pendente,0%,Pendente,
Fase 3,Integra√ß√µes externas,Integra√ß√µes com carteiras m√≥veis (M-Pesa e-Mola mKesh) - APIs banc√°rias - Gateways SMS/Email,1 dia,Especialista,Dia 30,Dia 30,‚è≥ Pendente,0%,Pendente,
Fase 3,Testes de integra√ß√£o,Testes de integra√ß√£o entre m√≥dulos e sistemas externos,1 dia,Analista QA,Dia 30,Dia 30,‚è≥ Pendente,0%,Pendente,
FASE 4 - CADASTRO E TESTES,,,,,,,,,,
Semana 7 - Migra√ß√£o,,,,,,,,,,
Fase 4,Prepara√ß√£o da migra√ß√£o,An√°lise de dados existentes - Limpeza e padroniza√ß√£o - Cria√ß√£o de scripts de migra√ß√£o,1 dia,Analista + TI,Dia 31,Dia 31,‚è≥ Pendente,0%,Pendente,
Fase 4,Limpeza de dados,Prepara√ß√£o e padroniza√ß√£o dos dados para migra√ß√£o,1 dia,Analista,Dia 32,Dia 32,‚è≥ Pendente,0%,Pendente,
Fase 4,Execu√ß√£o da migra√ß√£o,Importa√ß√£o de dados de membros - Valida√ß√£o de integridade - Corre√ß√£o de inconsist√™ncias,2 dias,Especialista,Dia 33,Dia 34,‚è≥ Pendente,0%,Pendente,
Fase 4,Valida√ß√£o inicial,Confer√™ncia de dados migrados - Testes de funcionalidade b√°sica - Relat√≥rio de migra√ß√£o,1 dia,Equipe + OrMM,Dia 35,Dia 35,‚è≥ Pendente,0%,Pendente,
Semana 8 - Testes,,,,,,,,,,
Fase 4,Testes de usabilidade,Testes com usu√°rios reais da OrMM - Taxa de sucesso ‚â• 95% - Coleta de feedback,1 dia,Usu√°rios + QA,Dia 36,Dia 36,‚è≥ Pendente,0%,Pendente,
Fase 4,Testes de performance,Simula√ß√£o de 10000 usu√°rios - Testes de carga e stress - Medi√ß√£o de tempos de resposta,1 dia,Especialista,Dia 37,Dia 37,‚è≥ Pendente,0%,Pendente,
Fase 4,Testes de seguran√ßa,Auditoria de vulnerabilidades - Testes de penetra√ß√£o - Verifica√ß√£o de conformidade ISO/IEC 27001,1 dia,Especialista,Dia 38,Dia 38,‚è≥ Pendente,0%,Pendente,
Fase 4,Corre√ß√£o de problemas,Corre√ß√£o de problemas identificados nos testes,1 dia,Desenvolvedores,Dia 39,Dia 39,‚è≥ Pendente,0%,Pendente,
Fase 4,Relat√≥rio final,Relat√≥rio final de testes funcionais,1 dia,Analista,Dia 40,Dia 40,‚è≥ Pendente,0%,Pendente,
FASE 5 - HOMOLOGA√á√ÉO E ENCERRAMENTO,,,,,,,,,,
Semana 9 - Homologa√ß√£o,,,,,,,,,,
Fase 5,Prepara√ß√£o para homologa√ß√£o,Checklist de conformidade com TdR - Verifica√ß√£o de 100% das funcionalidades,1 dia,Equipe,Dia 41,Dia 41,‚è≥ Pendente,0%,Pendente,
Fase 5,Homologa√ß√£o pelo auditor,Verifica√ß√£o de conformidade total com TdR - Testes de seguran√ßa (nota m√≠nima 95%) - Verifica√ß√£o de performance (99% uptime),2 dias,Auditor,Dia 42,Dia 43,‚è≥ Pendente,0%,Pendente,
Fase 5,Corre√ß√£o de n√£o conformidades,Corre√ß√£o de problemas identificados - Re-teste de funcionalidades corrigidas,1 dia,Desenvolvedores,Dia 44,Dia 44,‚è≥ Pendente,0%,Pendente,
Fase 5,Valida√ß√£o final,Valida√ß√£o final pelo auditor externo,1 dia,Auditor,Dia 45,Dia 45,‚è≥ Pendente,0%,Pendente,
Semana 10 - Entrega,,,,,,,,,,
Fase 5,Treinamento de usu√°rios,M√≠nimo 20 usu√°rios - 10 horas de treinamento (2 sess√µes de 5 horas) - Cobertura: opera√ß√£o administra√ß√£o resolu√ß√£o de problemas,2 dias,Equipe + OrMM,Dia 46,Dia 47,‚è≥ Pendente,0%,Pendente,
Fase 5,Entrega de documenta√ß√£o,Manuais detalhados em portugu√™s (m√≠nimo 50 p√°ginas) - Tutoriais passo-a-passo - Diagramas de fluxo,1 dia,Analista,Dia 48,Dia 48,‚è≥ Pendente,0%,Pendente,
Fase 5,Aceita√ß√£o final,Entrega final do sistema - Homologa√ß√£o formal pela OrMM - Laudo final do auditor externo,1 dia,OrMM + Auditor,Dia 49,Dia 49,‚è≥ Pendente,0%,Pendente,
Fase 5,Configura√ß√£o de suporte,Helpdesk ativo - Contatos de suporte - SLA definido (24h para incidentes cr√≠ticos),1 dia,Especialista,Dia 50,Dia 50,‚è≥ Pendente,0%,Pendente,
RESUMO GERAL,,,,,,,,,,
RESUMO,Progresso Geral,38% Conclu√≠do - 2 de 5 fases conclu√≠das; 4/10 m√≥dulos core conclu√≠dos,,,,38%,,,
RESUMO,Fase Atual,Fase 3 - Desenvolvimento e Integra√ß√£o,,,,üîÑ Em Execu√ß√£o,,,,
RESUMO,Pr√≥xima Atividade,M√≥dulo EXA (Exames),,,,,‚è≥ Pendente,,,
RESUMO,Prazo,No prazo - 20 dias √∫teis restantes na Fase 3,,,,‚úÖ No prazo,,,
RESUMO,Riscos,Baixo - Todas as atividades no cronograma,,,,‚úÖ Baixo,,,

